{"cameraMode":{"drawMode":0,"name":"Shaded","section":"Shading Mode"},"sceneLighting":false,"audioPlay":false,"sceneViewState":{"showFog":true,"showMaterialUpdate":false,"showSkybox":true,"showFlares":true,"showImageEffects":true,"showParticleSystems":true},"in2DMode":false,"pivot":{"x":30.0,"y":0.20000004768371583,"z":-25.399999618530275},"rotation":{"x":-0.17809560894966126,"y":0.8194713592529297,"z":-0.34869804978370669,"w":-0.4185318350791931},"size":14.262947082519532,"orthographic":false}