{"cameraMode":{"drawMode":0,"name":"Shaded","section":"Shading Mode"},"sceneLighting":true,"audioPlay":false,"sceneViewState":{"showFog":true,"showMaterialUpdate":false,"showSkybox":true,"showFlares":true,"showImageEffects":true,"showParticleSystems":true},"in2DMode":false,"pivot":{"x":5.960945129394531,"y":1.8514204025268555,"z":-9.085853576660157},"rotation":{"x":-0.13362954556941987,"y":0.8445380926132202,"z":-0.24771036207675935,"w":-0.4555756449699402},"size":37.89826965332031,"orthographic":false}