{"cameraMode":{"drawMode":0,"name":"Shaded","section":"Shading Mode"},"sceneLighting":false,"audioPlay":false,"sceneViewState":{"showFog":true,"showMaterialUpdate":false,"showSkybox":true,"showFlares":true,"showImageEffects":true,"showParticleSystems":true},"in2DMode":false,"pivot":{"x":-0.0870237946510315,"y":0.019308000802993776,"z":0.05143873393535614},"rotation":{"x":-0.1550435870885849,"y":0.7683886289596558,"z":-0.20301453769207,"w":-0.5868017077445984},"size":0.8083316683769226,"orthographic":false}