{"cameraMode":{"drawMode":0,"name":"Shaded","section":"Shading Mode"},"sceneLighting":true,"audioPlay":false,"sceneViewState":{"showFog":true,"showMaterialUpdate":false,"showSkybox":true,"showFlares":true,"showImageEffects":true,"showParticleSystems":true},"in2DMode":false,"pivot":{"x":-2.417724609375,"y":-21.19171905517578,"z":-13.36690902709961},"rotation":{"x":-0.17809560894966126,"y":0.8194713592529297,"z":-0.34869804978370669,"w":-0.4185318350791931},"size":137.8031005859375,"orthographic":false}