{"cameraMode":{"drawMode":0,"name":"Shaded","section":"Shading Mode"},"sceneLighting":true,"audioPlay":false,"sceneViewState":{"showFog":true,"showMaterialUpdate":false,"showSkybox":true,"showFlares":true,"showImageEffects":true,"showParticleSystems":true},"in2DMode":false,"pivot":{"x":0.8796844482421875,"y":11.7509765625,"z":-2.6513671875},"rotation":{"x":0.17662672698497773,"y":-0.06049203500151634,"z":0.010874895378947258,"w":0.9823623895645142},"size":109.70345306396485,"orthographic":true}